{
  "project_info": {
    "project_number": "889601891672",
    "project_id": "task-c2895",
    "storage_bucket": "task-c2895.appspot.com"
  },
  "client": [
    {
      "client_info": {
        "mobilesdk_app_id": "1:889601891672:android:c529d97da697ab48d5592d",
        "android_client_info": {
          "package_name": "com.example.task"
        }
      },
      "oauth_client": [
        {
          "client_id": "889601891672-qrnd35omflfta7gj57jaiq5voovst1sj.apps.googleusercontent.com",
          "client_type": 3
        }
      ],
      "api_key": [
        {
          "current_key": "AIzaSyC-UaX9UcgOthv4EifqO-n83rX3h2zPXbI"
        }
      ],
      "services": {
        "appinvite_service": {
          "other_platform_oauth_client": [
            {
              "client_id": "889601891672-qrnd35omflfta7gj57jaiq5voovst1sj.apps.googleusercontent.com",
              "client_type": 3
            }
          ]
        }
      }
    }
  ],
  "configuration_version": "1"
}